freq,unit,na_item,sector,geo\TIME_PERIOD	2008 	2009 	2010 	2011 	2012 	2013 	2014 	2015 	2016 	2017 	2018 	2019 
A,PC_GDP,D62PAY,S13,AT	17.6 	19.0 	19.2 	18.5 	18.7 	19.0 	19.1 	18.9 	18.7 	18.2 	17.9 	17.8 
A,PC_GDP,D62PAY,S13,BE	15.4 	16.8 	16.4 	16.5 	16.9 	17.4 	17.2 	17.0 	16.9 	16.8 	16.9 	17.0 
A,PC_GDP,D62PAY,S13,BG	9.6 	11.3 	11.9 	11.1 	11.0 	11.9 	12.2 	11.9 	11.6 	11.1 	10.9 	10.7 
A,PC_GDP,D62PAY,S13,CH	9.1 	10.1 	10.1 	9.9 	10.0 	10.2 	10.1 	10.2 	10.4 	10.4 	10.1 	: 
A,PC_GDP,D62PAY,S13,CY	10.9 	11.9 	12.7 	13.1 	13.2 	13.8 	14.2 	13.8 	13.6 	13.0 	12.8 	12.9 
A,PC_GDP,D62PAY,S13,CZ	11.8 	12.9 	13.1 	13.1 	13.1 	13.3 	12.9 	12.4 	12.7 	12.4 	12.4 	12.5 
A,PC_GDP,D62PAY,S13,DE	15.9 	17.4 	16.8 	15.8 	15.7 	15.6 	15.4 	15.5 	15.5 	15.6 	15.6 	15.9 
A,PC_GDP,D62PAY,S13,DK	14.6 	16.6 	17.1 	17.2 	17.3 	17.4 	17.2 	17.0 	16.5 	16.2 	15.8 	15.7 
A,PC_GDP,D62PAY,S13,EA18	15.4 	17.1 	17.0 	16.7 	17.1 	17.3 	17.3 	17.1 	16.9 	16.7 	16.6 	16.8 
A,PC_GDP,D62PAY,S13,EA19	15.4 	17.1 	17.0 	16.7 	17.1 	17.3 	17.3 	17.0 	16.9 	16.7 	16.6 	16.7 
A,PC_GDP,D62PAY,S13,EE	10.3 	13.7 	12.6 	11.1 	10.6 	10.6 	10.5 	11.3 	11.6 	11.3 	11.4 	11.5 
A,PC_GDP,D62PAY,S13,EL	16.0 	17.5 	17.7 	19.5 	20.3 	19.0 	19.7 	19.8 	19.9 	19.0 	18.7 	18.4 
A,PC_GDP,D62PAY,S13,ES	12.3 	14.4 	15.1 	15.3 	16.3 	16.7 	16.5 	15.8 	15.6 	15.3 	15.4 	15.8 
A,PC_GDP,D62PAY,S13,EU27_2007	14.7 	16.4 	16.3 	16.0 	16.3 	16.5 	16.3 	16.0 	16.0 	15.7 	15.6 	15.7 
A,PC_GDP,D62PAY,S13,EU27_2020	15.1 	16.7 	16.7 	16.4 	16.7 	16.9 	16.8 	16.6 	16.5 	16.3 	16.1 	16.3 
A,PC_GDP,D62PAY,S13,EU28	14.7 	16.4 	16.3 	16.0 	16.3 	16.5 	16.3 	16.0 	16.0 	15.7 	15.6 	15.7 
A,PC_GDP,D62PAY,S13,FI	14.6 	17.2 	17.4 	17.1 	17.9 	18.8 	19.5 	19.7 	19.4 	18.9 	18.4 	18.2 
A,PC_GDP,D62PAY,S13,FR	17.6 	19.2 	19.2 	19.2 	19.5 	19.9 	20.0 	19.8 	19.8 	19.6 	19.5 	19.5 
A,PC_GDP,D62PAY,S13,HR	12.2 	13.7 	13.8 	14.2 	14.1 	14.2 	14.4 	14.5 	13.6 	13.3 	13.3 	13.3 
A,PC_GDP,D62PAY,S13,HU	15.5 	16.0 	15.5 	15.3 	15.1 	14.7 	13.7 	12.9 	12.6 	12.0 	11.5 	10.9 
A,PC_GDP,D62PAY,S13,IE	11.6 	14.3 	14.2 	14.0 	13.9 	13.1 	11.8 	8.8 	8.4 	7.8 	7.2 	6.9 
A,PC_GDP,D62PAY,S13,IS	5.7 	7.5 	7.2 	7.9 	7.3 	6.8 	6.7 	6.2 	5.9 	6.5 	6.8 	7.4 
A,PC_GDP,D62PAY,S13,IT	16.9 	18.5 	18.5 	18.5 	19.2 	19.8 	20.1 	20.1 	19.8 	19.7 	19.7 	20.2 
A,PC_GDP,D62PAY,S13,LT	11.5 	16.2 	14.3 	12.5 	12.0 	11.3 	10.9 	10.9 	11.0 	10.9 	11.8 	12.2 
A,PC_GDP,D62PAY,S13,LU	14.6 	16.7 	16.0 	15.3 	15.9 	16.0 	15.5 	15.2 	14.8 	15.2 	15.0 	15.0 
A,PC_GDP,D62PAY,S13,LV	8.1 	12.9 	13.2 	11.2 	10.3 	10.4 	10.2 	10.5 	10.6 	10.4 	10.3 	10.6 
A,PC_GDP,D62PAY,S13,MT	11.7 	12.5 	12.2 	12.2 	12.4 	12.1 	11.3 	10.2 	9.9 	9.4 	8.8 	8.5 
A,PC_GDP,D62PAY,S13,NL	9.5 	10.5 	10.8 	11.0 	11.2 	11.6 	11.6 	11.3 	11.2 	10.9 	10.5 p	10.2 p
A,PC_GDP,D62PAY,S13,NO	11.5 	13.6 	13.4 	13.2 	13.2 	13.3 	13.8 	14.8 	15.4 	15.0 	14.3 	14.8 
A,PC_GDP,D62PAY,S13,PL	14.0 	14.5 	14.6 	13.9 	14.0 	14.5 	14.4 	14.3 	15.3 	15.1 	14.9 	15.5 
A,PC_GDP,D62PAY,S13,PT	14.7 	16.5 	16.6 	17.2 	17.8 	18.6 	18.0 	17.6 	17.2 	16.6 	16.4 	16.4 
A,PC_GDP,D62PAY,S13,RO	9.9 	12.0 	12.8 	11.9 	11.2 	10.7 	10.5 	10.6 	10.6 	10.8 	10.7 	11.0 
A,PC_GDP,D62PAY,S13,SE	13.6 	14.7 	13.8 	13.2 	13.8 	14.2 	13.7 	13.2 	13.1 	12.8 	12.6 	12.3 
A,PC_GDP,D62PAY,S13,SI	15.3 	17.0 	17.7 	18.1 	18.0 	17.9 	17.3 	16.9 	16.3 	15.9 	15.4 	15.4 
A,PC_GDP,D62PAY,S13,SK	11.6 	14.1 	14.3 	13.8 	13.9 	14.0 	14.0 	13.8 	13.9 	13.6 	13.2 	13.4 
A,PC_GDP,D62PAY,S13,UK	12.4 	14.1 	14.2 	14.1 	14.3 	14.0 	13.7 	13.6 	13.2 	12.8 	12.7 	12.5 
A,PC_GDP,D62PAY,S1311,AT	5.3 	5.8 	5.8 	5.4 	5.4 	5.5 	5.4 	5.4 	5.2 	5.0 	4.8 	4.6 
A,PC_GDP,D62PAY,S1311,BE	2.2 	2.4 	2.3 	2.3 	2.3 	2.3 	2.3 	2.1 	1.2 	1.2 	1.2 	1.2 
A,PC_GDP,D62PAY,S1311,BG	0.9 	1.0 	1.0 	1.0 	1.0 	1.0 	1.1 	1.0 	0.9 	0.8 	0.8 	0.9 
A,PC_GDP,D62PAY,S1311,CH	0.0 	0.0 	0.0 	0.0 	0.0 	0.0 	0.0 	0.0 	0.0 	0.0 	0.0 	: 
A,PC_GDP,D62PAY,S1311,CY	5.6 	6.0 	6.3 	6.4 	5.7 	5.2 	5.3 	5.4 	5.4 	5.3 	5.2 	5.3 
A,PC_GDP,D62PAY,S1311,CZ	11.3 	12.3 	12.4 	12.4 	13.0 	13.2 	12.8 	12.3 	12.4 	12.1 	12.1 	12.3 
A,PC_GDP,D62PAY,S1311,DE	2.3 	2.5 	2.3 	2.1 	2.1 	2.1 	2.0 	2.0 	2.0 	2.0 	1.9 	1.9 
A,PC_GDP,D62PAY,S1311,DK	2.7 	3.1 	3.2 	3.2 	3.2 	3.3 	3.4 	3.3 	3.2 	3.1 	3.0 	3.0 
A,PC_GDP,D62PAY,S1311,EA18	2.4 	2.7 	2.6 	2.5 	2.5 	2.6 	2.6 	2.6 	2.5 	2.4 	2.4 	2.4 
A,PC_GDP,D62PAY,S1311,EA19	2.4 	2.7 	2.6 	2.5 	2.5 	2.6 	2.6 	2.6 	2.5 	2.4 	2.4 	2.4 
A,PC_GDP,D62PAY,S1311,EE	8.9 	11.4 	11.2 	10.0 	9.6 	9.5 	9.4 	10.1 	10.4 	9.9 	9.6 	9.4 
A,PC_GDP,D62PAY,S1311,EL	2.9 	3.3 	3.2 	3.6 	3.8 	3.7 	4.4 	4.2 	4.2 	0.9 	1.0 	0.4 
A,PC_GDP,D62PAY,S1311,ES	1.2 	1.3 	1.4 	1.4 	1.4 	1.5 	1.5 	1.5 	1.6 	1.6 	1.6 	1.6 
A,PC_GDP,D62PAY,S1311,EU27_2007	3.9 	4.3 	4.3 	4.2 	4.4 	4.3 	4.4 	4.4 	4.2 	4.0 	3.9 	4.0 
A,PC_GDP,D62PAY,S1311,EU27_2020	2.7 	2.9 	2.9 	2.8 	2.8 	2.8 	2.8 	2.8 	2.8 	2.7 	2.6 	2.6 
A,PC_GDP,D62PAY,S1311,EU28	3.9 	4.3 	4.3 	4.2 	4.3 	4.3 	4.3 	4.4 	4.2 	4.0 	3.9 	3.9 
A,PC_GDP,D62PAY,S1311,FI	1.8 	2.1 	2.0 	2.0 	2.0 	2.0 	2.1 	2.0 	2.0 	1.9 	1.9 	1.8 
A,PC_GDP,D62PAY,S1311,FR	3.4 	3.7 	3.6 	3.5 	3.6 	3.6 	3.6 	3.6 	3.6 	3.6 	3.5 	3.7 
A,PC_GDP,D62PAY,S1311,HR	0.8 	1.1 	1.4 	1.7 	1.1 	1.3 	1.2 	1.3 	1.3 	1.3 	1.4 	1.4 
A,PC_GDP,D62PAY,S1311,HU	3.5 	3.7 	3.5 	3.2 	3.5 	3.2 	2.7 	2.5 	2.4 	2.2 	2.0 	1.9 
A,PC_GDP,D62PAY,S1311,IE	11.2 	13.7 	13.7 	13.6 	13.4 	12.8 	11.6 	8.6 	8.3 	7.6 	7.1 	6.8 
A,PC_GDP,D62PAY,S1311,IS	1.0 	1.3 	1.3 	1.6 	1.3 	1.0 	0.9 	0.8 	0.6 	0.7 	0.7 	0.7 
A,PC_GDP,D62PAY,S1311,IT	0.3 	0.4 	0.2 	0.3 	0.3 	0.3 	0.6 	0.8 	0.9 	0.9 	0.9 	0.8 
A,PC_GDP,D62PAY,S1311,LT	2.7 	3.9 	3.5 	3.2 	2.8 	2.7 	2.8 	2.9 	2.9 	2.9 	3.2 	3.5 
A,PC_GDP,D62PAY,S1311,LU	2.5 	3.2 	3.0 	2.9 	3.1 	3.2 	3.0 	2.9 	2.8 	2.9 	2.8 	2.8 
A,PC_GDP,D62PAY,S1311,LV	0.8 	1.2 	1.3 	1.1 	1.0 	1.1 	1.1 	1.4 	1.4 	1.4 	1.4 	1.3 
A,PC_GDP,D62PAY,S1311,MT	11.7 	12.5 	12.2 	12.2 	12.4 	12.1 	11.3 	10.2 	9.9 	9.4 	8.8 	8.5 
A,PC_GDP,D62PAY,S1311,NL	2.2 	2.5 	2.6 	2.7 	2.6 	2.7 	2.5 	2.4 	2.4 	2.3 	2.2 p	2.3 p
A,PC_GDP,D62PAY,S1311,NO	11.1 	13.1 	12.9 	12.8 	12.7 	12.8 	13.3 	14.3 	14.9 	14.4 	13.7 	14.3 
A,PC_GDP,D62PAY,S1311,PL	1.6 	1.5 	1.4 	1.3 	1.4 	1.4 	1.4 	1.4 	1.4 	1.4 	1.3 	1.3 
A,PC_GDP,D62PAY,S1311,PT	4.8 	5.4 	5.3 	5.7 	5.3 	5.9 	5.8 	6.1 	6.0 	5.7 	5.5 	5.4 
A,PC_GDP,D62PAY,S1311,RO	2.9 	3.5 	3.6 	2.6 	2.4 	2.2 	2.1 	2.2 	3.1 	3.4 	3.3 	3.7 
A,PC_GDP,D62PAY,S1311,SE	7.1 	7.4 	6.9 	6.6 	6.7 	6.7 	6.5 	6.3 	6.0 	5.7 	5.6 	5.4 
A,PC_GDP,D62PAY,S1311,SI	2.8 	3.5 	3.8 	4.1 	3.8 	3.5 	3.4 	3.3 	3.0 	3.1 	2.9 	3.0 
A,PC_GDP,D62PAY,S1311,SK	4.5 	5.4 	5.8 	5.3 	5.3 	5.2 	4.9 	4.9 	4.9 	4.5 	4.3 	4.4 
A,PC_GDP,D62PAY,S1311,UK	11.0 	12.4 	12.5 	12.4 	12.6 	12.3 	12.0 	11.9 	11.6 	11.3 	11.3 	11.2 
A,PC_GDP,D62PAY,S1312,AT	1.0 	1.1 	1.1 	1.1 	1.0 	1.0 	1.0 	1.0 	1.0 	1.0 	1.0 	1.0 
A,PC_GDP,D62PAY,S1312,BE	1.4 	1.5 	1.5 	1.5 	1.5 	1.6 	1.6 	3.2 	3.2 	3.2 	3.2 	3.2 
A,PC_GDP,D62PAY,S1312,BG	: z	: z	: z	: z	: z	: z	: z	: z	: z	: z	: z	: z
A,PC_GDP,D62PAY,S1312,CH	1.2 	1.3 	1.3 	1.4 	1.4 	1.4 	1.4 	1.4 	1.4 	1.4 	1.4 	: 
A,PC_GDP,D62PAY,S1312,CY	: z	: z	: z	: z	: z	: z	: z	: z	: z	: z	: z	: z
A,PC_GDP,D62PAY,S1312,CZ	: z	: z	: z	: z	: z	: z	: z	: z	: z	: z	: z	: z
A,PC_GDP,D62PAY,S1312,DE	1.6 	1.8 	1.8 	1.7 	1.7 	1.7 	1.7 	1.7 	1.8 	1.8 	1.8 	1.8 
A,PC_GDP,D62PAY,S1312,DK	: z	: z	: z	: z	: z	: z	: z	: z	: z	: z	: z	: z
A,PC_GDP,D62PAY,S1312,EA18	0.5 	0.6 	0.6 	0.6 	0.6 	0.6 	0.6 	0.7 	0.7 	0.7 	0.7 	0.7 
A,PC_GDP,D62PAY,S1312,EA19	0.5 	0.6 	0.6 	0.6 	0.6 	0.6 	0.6 	0.7 	0.7 	0.7 	0.7 	0.7 
A,PC_GDP,D62PAY,S1312,EE	: z	: z	: z	: z	: z	: z	: z	: z	: z	: z	: z	: z
A,PC_GDP,D62PAY,S1312,EL	: z	: z	: z	: z	: z	: z	: z	: z	: z	: z	: z	: z
A,PC_GDP,D62PAY,S1312,ES	0.2 	0.3 	0.3 	0.3 	0.3 	0.3 	0.3 	0.3 	0.3 	0.3 	0.3 	0.3 
A,PC_GDP,D62PAY,S1312,EU27_2007	0.4 	0.5 	0.4 	0.4 	0.4 	0.4 	0.4 	0.5 	0.5 	0.5 	0.5 	0.5 
A,PC_GDP,D62PAY,S1312,EU27_2020	0.5 	0.5 	0.5 	0.5 	0.5 	0.5 	0.5 	0.6 	0.6 	0.6 	0.6 	0.6 
A,PC_GDP,D62PAY,S1312,EU28	0.4 	0.4 	0.4 	0.4 	0.4 	0.4 	0.4 	0.5 	0.5 	0.5 	0.5 	0.5 
A,PC_GDP,D62PAY,S1312,FI	: z	: z	: z	: z	: z	: z	: z	: z	: z	: z	: z	: z
A,PC_GDP,D62PAY,S1312,FR	: z	: z	: z	: z	: z	: z	: z	: z	: z	: z	: z	: z
A,PC_GDP,D62PAY,S1312,HR	: z	: z	: z	: z	: z	: z	: z	: z	: z	: z	: z	: z
A,PC_GDP,D62PAY,S1312,HU	: z	: z	: z	: z	: z	: z	: z	: z	: z	: z	: z	: z
A,PC_GDP,D62PAY,S1312,IE	: z	: z	: z	: z	: z	: z	: z	: z	: z	: z	: z	: z
A,PC_GDP,D62PAY,S1312,IS	: z	: z	: z	: z	: z	: z	: z	: z	: z	: z	: z	: z
A,PC_GDP,D62PAY,S1312,IT	: z	: z	: z	: z	: z	: z	: z	: z	: z	: z	: z	: z
A,PC_GDP,D62PAY,S1312,LT	: z	: z	: z	: z	: z	: z	: z	: z	: z	: z	: z	: z
A,PC_GDP,D62PAY,S1312,LU	: z	: z	: z	: z	: z	: z	: z	: z	: z	: z	: z	: z
A,PC_GDP,D62PAY,S1312,LV	: z	: z	: z	: z	: z	: z	: z	: z	: z	: z	: z	: z
A,PC_GDP,D62PAY,S1312,MT	: z	: z	: z	: z	: z	: z	: z	: z	: z	: z	: z	: z
A,PC_GDP,D62PAY,S1312,NL	: z	: z	: z	: z	: z	: z	: z	: z	: z	: z	: z	: z
A,PC_GDP,D62PAY,S1312,NO	: z	: z	: z	: z	: z	: z	: z	: z	: z	: z	: z	: z
A,PC_GDP,D62PAY,S1312,PL	: z	: z	: z	: z	: z	: z	: z	: z	: z	: z	: z	: z
A,PC_GDP,D62PAY,S1312,PT	: z	: z	: z	: z	: z	: z	: z	: z	: z	: z	: z	: z
A,PC_GDP,D62PAY,S1312,RO	: z	: z	: z	: z	: z	: z	: z	: z	: z	: z	: z	: z
A,PC_GDP,D62PAY,S1312,SE	: z	: z	: z	: z	: z	: z	: z	: z	: z	: z	: z	: z
A,PC_GDP,D62PAY,S1312,SI	: z	: z	: z	: z	: z	: z	: z	: z	: z	: z	: z	: z
A,PC_GDP,D62PAY,S1312,SK	: z	: z	: z	: z	: z	: z	: z	: z	: z	: z	: z	: z
A,PC_GDP,D62PAY,S1312,UK	: z	: z	: z	: z	: z	: z	: z	: z	: z	: z	: z	: z
A,PC_GDP,D62PAY,S1313,AT	0.6 	0.7 	0.7 	0.7 	0.7 	0.7 	0.7 	0.7 	0.7 	0.7 	0.7 	0.7 
A,PC_GDP,D62PAY,S1313,BE	0.6 	0.6 	0.6 	0.7 	0.7 	0.7 	0.6 	0.6 	0.7 	0.7 	0.7 	0.7 
A,PC_GDP,D62PAY,S1313,BG	0.0 	0.0 	0.0 	0.0 	0.0 	0.0 	0.0 	0.0 	0.0 	0.0 	0.0 	0.0 
A,PC_GDP,D62PAY,S1313,CH	0.2 	0.2 	0.2 	0.2 	0.2 	0.3 	0.2 	0.2 	0.2 	0.2 	0.2 	: 
A,PC_GDP,D62PAY,S1313,CY	0.0 	0.0 	0.0 	0.0 	0.0 	0.0 	0.0 	0.0 	0.0 	0.0 	0.0 	0.0 
A,PC_GDP,D62PAY,S1313,CZ	0.6 	0.6 	0.7 	0.6 	0.1 	0.1 	0.1 	0.1 	0.3 	0.2 	0.2 	0.2 
A,PC_GDP,D62PAY,S1313,DE	1.0 	1.1 	1.1 	1.0 	1.0 	1.0 	1.0 	1.0 	1.1 	1.1 	1.0 	1.0 
A,PC_GDP,D62PAY,S1313,DK	10.3 	11.4 	11.5 	11.8 	11.9 	12.1 	12.1 	12.1 	11.9 	11.8 	11.6 	11.7 
A,PC_GDP,D62PAY,S1313,EA18	0.6 	0.6 	0.6 	0.6 	0.6 	0.6 	0.6 	0.6 	0.7 	0.6 	0.6 	0.6 
A,PC_GDP,D62PAY,S1313,EA19	0.6 	0.6 	0.6 	0.6 	0.6 	0.6 	0.6 	0.6 	0.7 	0.6 	0.6 	0.6 
A,PC_GDP,D62PAY,S1313,EE	0.3 	0.3 	0.3 	0.3 	0.3 	0.3 	0.3 	0.3 	0.3 	0.3 	0.2 	0.2 
A,PC_GDP,D62PAY,S1313,EL	0.2 	0.3 	0.3 	0.4 	0.4 	0.4 	0.4 	0.4 	0.4 	0.4 	0.4 	0.0 
A,PC_GDP,D62PAY,S1313,ES	0.1 	0.1 	0.1 	0.1 	0.0 	0.0 	0.0 	0.0 	0.0 	0.0 	0.0 	0.0 
A,PC_GDP,D62PAY,S1313,EU27_2007	0.9 	1.0 	1.0 	1.0 	1.0 	1.0 	1.0 	1.0 	1.0 	1.0 	1.0 	1.0 
A,PC_GDP,D62PAY,S1313,EU27_2020	0.8 	0.9 	0.9 	0.9 	0.9 	0.9 	0.9 	0.9 	0.9 	0.9 	0.9 	0.9 
A,PC_GDP,D62PAY,S1313,EU28	0.9 	1.0 	1.0 	1.0 	1.0 	1.0 	1.0 	1.0 	1.0 	1.0 	1.0 	1.0 
A,PC_GDP,D62PAY,S1313,FI	0.5 	0.6 	0.6 	0.6 	0.6 	0.6 	0.6 	0.6 	0.6 	0.3 	0.3 	0.3 
A,PC_GDP,D62PAY,S1313,FR	0.5 	0.6 	0.6 	0.6 	0.7 	0.7 	0.7 	0.7 	0.7 	0.7 	0.7 	0.7 
A,PC_GDP,D62PAY,S1313,HR	0.6 	0.7 	0.6 	0.7 	0.7 	0.7 	0.7 	0.7 	0.2 	0.3 	0.3 	0.3 
A,PC_GDP,D62PAY,S1313,HU	0.5 	0.6 	0.6 	0.6 	0.5 	0.4 	0.4 	0.2 	0.1 	0.1 	0.1 	0.1 
A,PC_GDP,D62PAY,S1313,IE	0.4 	0.6 	0.5 	0.5 	0.4 	0.4 	0.2 	0.1 	0.1 	0.1 	0.1 	0.1 
A,PC_GDP,D62PAY,S1313,IS	0.4 	0.6 	0.6 	0.7 	0.6 	0.6 	0.7 	0.6 	0.5 	0.3 	0.3 	0.3 
A,PC_GDP,D62PAY,S1313,IT	0.2 	0.2 	0.2 	0.2 	0.2 	0.2 	0.2 	0.2 	0.2 	0.2 	0.2 	0.2 
A,PC_GDP,D62PAY,S1313,LT	0.2 	0.5 	0.7 	0.6 	0.7 	0.6 	0.4 	0.2 	0.2 	0.2 	0.2 	0.2 
A,PC_GDP,D62PAY,S1313,LU	0.0 	0.0 	0.0 	0.0 	0.0 	0.0 	0.0 	0.0 	0.0 	0.0 	0.0 	0.0 
A,PC_GDP,D62PAY,S1313,LV	0.3 	0.3 	0.6 	0.5 	0.3 	0.2 	0.2 	0.2 	0.2 	0.2 	0.2 	0.2 
A,PC_GDP,D62PAY,S1313,MT	0.0 	0.0 	0.0 	0.0 	0.0 	0.0 	0.0 	0.0 	0.0 	0.0 	0.0 	0.0 
A,PC_GDP,D62PAY,S1313,NL	0.9 	1.0 	1.0 	1.0 	1.0 	1.1 	1.1 	1.1 	1.1 	1.1 	1.0 p	1.0 p
A,PC_GDP,D62PAY,S1313,NO	0.4 	0.5 	0.5 	0.5 	0.5 	0.5 	0.5 	0.5 	0.6 	0.6 	0.6 	0.6 
A,PC_GDP,D62PAY,S1313,PL	0.8 	0.8 	0.9 	0.8 	0.8 	0.8 	0.8 	0.8 	1.8 	2.1 	2.0 	2.3 
A,PC_GDP,D62PAY,S1313,PT	0.5 	0.6 	0.6 	0.6 	0.6 	0.6 	0.5 	0.5 	0.5 	0.5 	0.5 	0.5 
A,PC_GDP,D62PAY,S1313,RO	0.6 	0.5 	0.6 	0.4 	0.4 	0.4 	0.4 	0.5 	0.5 	0.5 	0.6 	0.3 
A,PC_GDP,D62PAY,S1313,SE	0.7 	0.8 	0.7 	0.7 	0.8 	0.8 	0.7 	0.7 	0.7 	0.7 	0.7 	0.6 
A,PC_GDP,D62PAY,S1313,SI	0.3 	0.2 	0.2 	0.2 	0.2 	0.2 	0.2 	0.2 	0.2 	0.2 	0.2 	0.2 
A,PC_GDP,D62PAY,S1313,SK	0.1 	0.1 	0.1 	0.1 	0.1 	0.1 	0.1 	0.1 	0.1 	0.1 	0.1 	0.1 
A,PC_GDP,D62PAY,S1313,UK	1.4 	1.6 	1.7 	1.7 	1.8 	1.7 	1.7 	1.7 	1.6 	1.5 	1.4 	1.3 
A,PC_GDP,D62PAY,S1314,AT	10.6 	11.4 	11.5 	11.3 	11.6 	11.9 	12.0 	11.8 	11.8 	11.5 	11.5 	11.6 
A,PC_GDP,D62PAY,S1314,BE	11.2 	12.2 	12.0 	12.1 	12.5 	12.8 	12.7 	11.1 	11.9 	11.8 	11.8 	11.8 
A,PC_GDP,D62PAY,S1314,BG	8.7 	10.3 	10.9 	10.1 	10.1 	10.8 	11.1 	10.8 	10.6 	10.3 	10.1 	9.8 
A,PC_GDP,D62PAY,S1314,CH	7.7 	8.6 	8.5 	8.3 	8.4 	8.5 	8.5 	8.6 	8.7 	8.7 	8.4 	: 
A,PC_GDP,D62PAY,S1314,CY	5.3 	6.0 	6.3 	6.7 	7.5 	8.5 	8.8 	8.4 	8.1 	7.7 	7.6 	7.6 
A,PC_GDP,D62PAY,S1314,CZ	0.0 	0.0 	0.0 	0.0 	0.0 	0.0 	0.0 	0.0 	0.0 	0.0 	0.0 	0.0 
A,PC_GDP,D62PAY,S1314,DE	11.1 	12.1 	11.6 	11.0 	10.9 	10.8 	10.7 	10.7 	10.7 	10.8 	10.8 	11.2 
A,PC_GDP,D62PAY,S1314,DK	1.7 	2.2 	2.4 	2.3 	2.2 	2.0 	1.8 	1.7 	1.4 	1.3 	1.2 	1.1 
A,PC_GDP,D62PAY,S1314,EA18	11.9 	13.2 	13.2 	13.0 	13.4 	13.5 	13.4 	13.1 	13.1 	12.9 	12.9 	13.0 
A,PC_GDP,D62PAY,S1314,EA19	11.9 	13.2 	13.2 	13.0 	13.3 	13.5 	13.4 	13.1 	13.0 	12.9 	12.8 	13.0 
A,PC_GDP,D62PAY,S1314,EE	1.1 	2.0 	1.1 	0.8 	0.8 	0.8 	0.8 	0.9 	1.0 	1.2 	1.6 	1.9 
A,PC_GDP,D62PAY,S1314,EL	12.9 	13.9 	14.2 	15.5 	16.1 	14.9 	14.9 	15.2 	15.2 	17.7 	17.2 	18.0 
A,PC_GDP,D62PAY,S1314,ES	10.8 	12.7 	13.3 	13.5 	14.5 	14.8 	14.6 	13.9 	13.6 	13.3 	13.5 	13.8 
A,PC_GDP,D62PAY,S1314,EU27_2007	9.5 	10.7 	10.6 	10.4 	10.5 	10.7 	10.5 	10.1 	10.2 	10.2 	10.1 	10.2 
A,PC_GDP,D62PAY,S1314,EU27_2020	11.2 	12.4 	12.4 	12.2 	12.5 	12.7 	12.6 	12.3 	12.2 	12.1 	12.0 	12.1 
A,PC_GDP,D62PAY,S1314,EU28	9.5 	10.7 	10.6 	10.4 	10.5 	10.7 	10.5 	10.1 	10.2 	10.2 	10.1 	10.2 
A,PC_GDP,D62PAY,S1314,FI	12.3 	14.5 	14.8 	14.6 	15.3 	16.2 	16.8 	17.0 	16.8 	16.6 	16.2 	16.0 
A,PC_GDP,D62PAY,S1314,FR	13.7 	14.9 	15.0 	15.0 	15.3 	15.6 	15.6 	15.5 	15.5 	15.3 	15.2 	15.1 
A,PC_GDP,D62PAY,S1314,HR	10.9 	11.9 	11.7 	11.8 	12.3 	12.1 	12.4 	12.5 	12.1 	11.8 	11.7 	11.6 
A,PC_GDP,D62PAY,S1314,HU	11.5 	11.7 	11.4 	11.5 	11.1 	11.2 	10.6 	10.2 	10.1 	9.7 	9.4 	8.9 
A,PC_GDP,D62PAY,S1314,IE	: z	: z	: z	: z	: z	: z	: z	: z	: z	: z	: z	: z
A,PC_GDP,D62PAY,S1314,IS	4.2 	5.7 	5.3 	5.6 	5.4 	5.2 	5.2 	4.8 	4.8 	5.5 	5.8 	6.4 
A,PC_GDP,D62PAY,S1314,IT	16.5 	17.9 	18.1 	18.0 	18.7 	19.4 	19.2 	19.1 	18.8 	18.6 	18.6 	19.1 
A,PC_GDP,D62PAY,S1314,LT	8.6 	11.8 	10.2 	8.7 	8.5 	8.0 	7.6 	7.8 	7.8 	7.8 	8.4 	8.5 
A,PC_GDP,D62PAY,S1314,LU	12.0 	13.5 	12.9 	12.4 	12.8 	12.8 	12.5 	12.3 	12.0 	12.3 	12.2 	12.2 
A,PC_GDP,D62PAY,S1314,LV	7.0 	11.5 	11.3 	9.6 	9.0 	9.1 	8.9 	8.9 	9.1 	8.8 	8.7 	9.1 
A,PC_GDP,D62PAY,S1314,MT	: z	: z	: z	: z	: z	: z	: z	: z	: z	: z	: z	: z
A,PC_GDP,D62PAY,S1314,NL	6.4 	7.0 	7.2 	7.3 	7.6 	7.8 	7.9 	7.9 	7.8 	7.5 	7.2 p	7.0 p
A,PC_GDP,D62PAY,S1314,NO	: z	: z	: z	: z	: z	: z	: z	: z	: z	: z	: z	: z
A,PC_GDP,D62PAY,S1314,PL	11.6 	12.3 	12.3 	11.7 	11.8 	12.3 	12.2 	12.1 	12.0 	11.6 	11.6 	11.9 
A,PC_GDP,D62PAY,S1314,PT	9.4 	10.5 	10.7 	10.9 	11.9 	12.2 	11.7 	11.0 	10.7 	10.4 	10.4 	10.5 
A,PC_GDP,D62PAY,S1314,RO	6.4 	8.0 	8.6 	8.9 	8.4 	8.1 	8.0 	7.9 	7.0 	6.9 	6.8 	6.9 
A,PC_GDP,D62PAY,S1314,SE	5.9 	6.5 	6.2 	5.9 	6.3 	6.7 	6.4 	6.3 	6.4 	6.4 	6.3 	6.3 
A,PC_GDP,D62PAY,S1314,SI	12.3 	13.3 	13.7 	13.8 	13.9 	14.1 	13.7 	13.4 	13.1 	12.6 	12.3 	12.2 
A,PC_GDP,D62PAY,S1314,SK	7.1 	8.7 	8.5 	8.4 	8.6 	8.8 	8.9 	8.8 	8.9 	8.9 	8.9 	8.9 
A,PC_GDP,D62PAY,S1314,UK	: z	: z	: z	: z	: z	: z	: z	: z	: z	: z	: z	: z
